system,system_name,subgroup,Algebra I,Algebra II,Biology I,Chemistry,ELA,English I,English II,English III,Math,Science
0,State of Tennessee,Black/Hispanic/Native American,59.2,38.3,46.7,26.7,32.6,57.7,49.6,25.8,40.6,47.3
0,State of Tennessee,Economically Disadvantaged,60.6,41.4,52.7,30.2,35.9,60.9,52.5,29.7,44.2,53.4
0,State of Tennessee,English Language Learners,30.8,16.4,16.1,11.4,8.2,17.2,12,5.9,28,25.8
0,State of Tennessee,Students with Disabilities,33.4,21.1,30.9,14.5,18.6,26.1,25.3,8.3,24.5,32.1
10,Anderson County,Black/Hispanic/Native American,73.3,55.6,NA,45.5,39.6,57.1,61.1,43.5,55.4,63.2
10,Anderson County,Economically Disadvantaged,69,53.8,62,30,36.9,63.2,42.5,28.8,46.7,57.3
10,Anderson County,English Language Learners,NA,NA,NA,NA,NA,NA,NA,NA,NA,NA
10,Anderson County,Students with Disabilities,36.7,28.6,26.1,9.8,15.9,26,13.2,11.3,24.2,29.9
11,Clinton City,Black/Hispanic/Native American,NA,NA,NA,NA,51.4,NA,NA,NA,64.9,56.8
11,Clinton City,Economically Disadvantaged,NA,NA,NA,NA,50.2,NA,NA,NA,59,60.9
11,Clinton City,English Language Learners,NA,NA,NA,NA,NA,NA,NA,NA,NA,NA
11,Clinton City,Students with Disabilities,NA,NA,NA,NA,21.3,NA,NA,NA,37.3,32.4
12,Oak Ridge City,Black/Hispanic/Native American,65.9,47.6,69.2,62.2,35.1,80,54.7,33.9,36.5,50.2
12,Oak Ridge City,Economically Disadvantaged,66.9,56.8,74.4,65.5,41.5,75.8,59.2,37.4,41.2,58.4
12,Oak Ridge City,English Language Learners,NA,NA,NA,NA,7.8,NA,NA,NA,25,23.1
12,Oak Ridge City,Students with Disabilities,55.9,57.9,54.3,NA,24.8,53.3,35.1,0,32.8,42.7
20,Bedford County,Black/Hispanic/Native American,55.8,38.2,49.3,23.2,33.9,65.6,51.7,36.2,47,50.2
20,Bedford County,Economically Disadvantaged,59.7,36.1,57,26.2,37.3,65.8,59.1,37,47.3,55.5
20,Bedford County,English Language Learners,22.2,NA,NA,NA,7.5,33.3,20,NA,22.4,12.5
20,Bedford County,Students with Disabilities,32.1,33.3,22,4.3,14.6,25,16.7,6.5,19.3,25.2
30,Benton County,Black/Hispanic/Native American,86.7,NA,NA,NA,31.3,64.3,NA,NA,30.6,51.6
30,Benton County,Economically Disadvantaged,70,51.6,76.8,29.5,36.6,72.5,52.8,29.6,46.5,58.7
30,Benton County,English Language Learners,NA,NA,NA,NA,NA,NA,NA,NA,NA,NA
30,Benton County,Students with Disabilities,23.1,NA,38.1,NA,13.8,28,32,8.7,24.3,30.4
40,Bledsoe County,Black/Hispanic/Native American,NA,NA,NA,NA,25.9,NA,NA,NA,26.3,42.1
40,Bledsoe County,Economically Disadvantaged,61.4,74.2,69.5,17.9,32.4,59.9,48.7,45.2,38.4,52.6
40,Bledsoe County,English Language Learners,NA,NA,NA,NA,NA,NA,NA,NA,NA,NA
40,Bledsoe County,Students with Disabilities,5.6,NA,18.8,10,11.3,5,14.3,18.8,15.3,21.6
50,Blount County,Black/Hispanic/Native American,52.4,57.1,65.9,17.6,29.3,57.1,59,24.1,42.5,57.8
50,Blount County,Economically Disadvantaged,65.3,51.2,55.3,30.7,36.7,60.8,56.4,34.5,42.2,60.6
50,Blount County,English Language Learners,NA,NA,NA,NA,3.9,NA,NA,NA,23.5,11.8
50,Blount County,Students with Disabilities,36.9,21.6,32.4,23.1,19.2,25,29.3,7.2,23.2,34.1
51,Alcoa City,Black/Hispanic/Native American,68.9,61.5,73.9,50,35.2,69.8,65.2,36,43.5,49.7
51,Alcoa City,Economically Disadvantaged,73.8,65.1,79.1,62.5,34.8,71.4,71.9,34.9,43.3,50.1
51,Alcoa City,English Language Learners,NA,NA,NA,NA,10,NA,NA,NA,18.2,8.3
51,Alcoa City,Students with Disabilities,23.1,NA,53.3,18.2,19,37.5,31.3,6.7,21,32.3
52,Maryville City,Black/Hispanic/Native American,61.3,64,75.9,77.3,45.8,79.3,67.7,44.8,48.7,73.8
52,Maryville City,Economically Disadvantaged,67.9,58,83.6,59.5,48.7,78.8,69.5,54.6,51.3,74.6
52,Maryville City,English Language Learners,NA,NA,NA,NA,8.7,NA,NA,NA,48.1,30.8
52,Maryville City,Students with Disabilities,35,33.3,51.6,57.1,31.4,43.2,54.2,15,34.6,58.3
60,Bradley County,Black/Hispanic/Native American,NA,39.7,52.6,41.7,45.1,72.7,60.7,36.2,47.8,54.8
60,Bradley County,Economically Disadvantaged,0,46.6,53.7,41.1,41.7,65,56,26.1,47.4,57.6
60,Bradley County,English Language Learners,NA,NA,NA,NA,14.7,NA,NA,NA,26.5,20.6
60,Bradley County,Students with Disabilities,0,23.5,30.4,NA,16.3,18.6,24.7,6.2,21.3,26.6
61,Cleveland City,Black/Hispanic/Native American,56.1,22.4,33.7,25.9,33.2,61.9,46.2,30.2,39.9,45.7
61,Cleveland City,Economically Disadvantaged,57.9,29.2,43.2,33.8,37.5,65.7,52.3,35.2,45.1,51.2
61,Cleveland City,English Language Learners,NA,NA,10,NA,6.6,NA,NA,NA,18.7,19.5
61,Cleveland City,Students with Disabilities,18.4,NA,20,20,17,16.2,22.8,14.3,20.7,28.1
70,Campbell County,Black/Hispanic/Native American,NA,NA,NA,NA,31.6,NA,NA,NA,39.5,36.8
70,Campbell County,Economically Disadvantaged,67.7,20.1,47,12,30.9,53.9,44.6,30.9,40.7,47.2
70,Campbell County,English Language Learners,NA,NA,NA,NA,NA,NA,NA,NA,NA,NA
70,Campbell County,Students with Disabilities,30.8,NA,20.8,NA,15.5,12.1,19,8,20.8,24.8
80,Cannon County,Black/Hispanic/Native American,NA,NA,NA,NA,33.3,NA,NA,NA,33.3,47.6
80,Cannon County,Economically Disadvantaged,NA,41.2,58.7,20.6,37.1,57.1,61.5,22,42.9,55.2
80,Cannon County,English Language Learners,NA,NA,NA,NA,NA,NA,NA,NA,NA,NA
80,Cannon County,Students with Disabilities,NA,NA,30,NA,21.1,21.4,36.8,15.4,18,32
92,Hollow Rock - Bruceton,Black/Hispanic/Native American,NA,NA,NA,NA,10,NA,NA,NA,27.5,45
92,Hollow Rock - Bruceton,Economically Disadvantaged,71.9,48,46.3,33.3,30.8,71.4,40.5,31,42.9,60.7
92,Hollow Rock - Bruceton,English Language Learners,NA,NA,NA,NA,NA,NA,NA,NA,NA,NA
92,Hollow Rock - Bruceton,Students with Disabilities,NA,NA,0,NA,12.8,NA,0,NA,23.4,29.8
93,Huntingdon Special School District,Black/Hispanic/Native American,58.8,61.1,35.3,6.7,25.7,50,66.7,55,47.6,39
93,Huntingdon Special School District,Economically Disadvantaged,64.4,73.7,47.9,18.4,42.8,48.9,60.5,65.8,66.1,64.1
93,Huntingdon Special School District,English Language Learners,NA,NA,NA,NA,NA,NA,NA,NA,NA,NA
93,Huntingdon Special School District,Students with Disabilities,NA,NA,NA,NA,27.4,NA,8.3,NA,47.6,42.9
94,McKenzie Special School District,Black/Hispanic/Native American,77.8,63.6,30,40,38.5,59.3,60,55.6,46.8,50.9
94,McKenzie Special School District,Economically Disadvantaged,71.6,59.5,58,68.2,43.4,70.8,63,48.6,55.4,64
94,McKenzie Special School District,English Language Learners,NA,NA,NA,NA,NA,NA,NA,NA,NA,NA
94,McKenzie Special School District,Students with Disabilities,NA,NA,NA,NA,16.9,9.1,NA,NA,28.9,36.1
95,South Carroll Special School District,Black/Hispanic/Native American,NA,NA,NA,NA,30,NA,NA,NA,50,60
95,South Carroll Special School District,Economically Disadvantaged,75,73.3,69.2,66.7,46.9,73.3,60,55.6,50,74
95,South Carroll Special School District,English Language Learners,NA,NA,NA,NA,NA,NA,NA,NA,NA,NA
95,South Carroll Special School District,Students with Disabilities,NA,NA,NA,NA,6.7,NA,NA,NA,20,40
97,West Carroll Special School District,Black/Hispanic/Native American,NA,10,80,NA,39.3,NA,66.7,NA,35.1,56.1
97,West Carroll Special School District,Economically Disadvantaged,60.4,56.7,74.5,63,35.7,81,64.2,25,45,66.1
97,West Carroll Special School District,English Language Learners,NA,NA,NA,NA,NA,NA,NA,NA,NA,NA
97,West Carroll Special School District,Students with Disabilities,16.7,NA,47.1,NA,8.6,30.8,28.6,7.1,17.3,28.4
100,Carter County,Black/Hispanic/Native American,NA,NA,81.8,NA,35.8,61.5,69.2,23.1,43.2,65.3
100,Carter County,Economically Disadvantaged,NA,NA,66.3,18.5,36,64.1,63.6,32.8,43.2,60.5
100,Carter County,English Language Learners,NA,NA,NA,NA,NA,NA,NA,NA,NA,NA
100,Carter County,Students with Disabilities,0,NA,30.3,NA,17.2,23.9,33.3,4.7,21.7,37.3
101,Elizabethton City,Black/Hispanic/Native American,NA,42.9,NA,30.8,47.7,81.8,NA,61.5,49.4,62.4
101,Elizabethton City,Economically Disadvantaged,68.3,51.4,66.7,33.7,44.3,67,57.8,44.2,50.6,69.3
101,Elizabethton City,English Language Learners,NA,NA,NA,NA,NA,NA,NA,NA,NA,NA
101,Elizabethton City,Students with Disabilities,45.8,NA,44.4,NA,17.9,32.3,33.3,13.3,21.7,36.9
110,Cheatham County,Black/Hispanic/Native American,NA,NA,69.6,29.4,35.4,50,47.1,40,41.5,54.7
110,Cheatham County,Economically Disadvantaged,NA,NA,62.8,33.1,35.2,68.8,44,34.4,43.8,57.4
110,Cheatham County,English Language Learners,NA,NA,NA,NA,0,NA,NA,NA,13.3,13.3
110,Cheatham County,Students with Disabilities,0,NA,45.6,NA,16.9,21.4,27.6,6.1,26.3,34.4
120,Chester County,Black/Hispanic/Native American,59.5,47.7,53.3,41.5,34.2,57.6,45.5,37.5,51.1,62.5
120,Chester County,Economically Disadvantaged,65.8,49,69.4,38.6,43.4,66.1,60.4,41,56.6,70.4
120,Chester County,English Language Learners,NA,NA,NA,NA,NA,NA,NA,NA,NA,NA
120,Chester County,Students with Disabilities,16.7,NA,41.7,NA,14,NA,NA,NA,24,36.2
130,Claiborne County,Black/Hispanic/Native American,NA,NA,NA,NA,42.3,NA,69.2,NA,49.3,50.7
130,Claiborne County,Economically Disadvantaged,47.2,17.3,46.8,24,36.7,67.9,53.4,29.9,47.7,52.1
130,Claiborne County,English Language Learners,NA,NA,NA,NA,NA,NA,NA,NA,NA,NA
130,Claiborne County,Students with Disabilities,10.3,NA,14.3,NA,14.8,22.6,22.9,0,20.6,25.9
140,Clay County,Black/Hispanic/Native American,NA,NA,NA,NA,31.8,NA,NA,NA,40.9,68.2
140,Clay County,Economically Disadvantaged,66.7,80,59.6,25,24.9,51,55.1,31.3,30.5,48.3
140,Clay County,English Language Learners,NA,NA,NA,NA,NA,NA,NA,NA,NA,NA
140,Clay County,Students with Disabilities,16.7,NA,25,NA,8,30.8,7.1,NA,8,23
150,Cocke County,Black/Hispanic/Native American,47.6,36.4,56.5,19,31.1,43.5,61.1,24,47.5,53.3
150,Cocke County,Economically Disadvantaged,55.8,30.2,55.6,28.9,38.2,59.7,54,24.5,55.1,61.6
150,Cocke County,English Language Learners,NA,NA,NA,NA,NA,NA,NA,NA,NA,NA
150,Cocke County,Students with Disabilities,34.9,NA,25,NA,15.6,15.1,27.5,2,24,32.4
151,Newport City,Black/Hispanic/Native American,NA,NA,NA,NA,54.3,NA,NA,NA,51.4,88.6
151,Newport City,Economically Disadvantaged,NA,NA,NA,NA,43.9,NA,NA,NA,44.7,78
151,Newport City,English Language Learners,NA,NA,NA,NA,NA,NA,NA,NA,NA,NA
151,Newport City,Students with Disabilities,NA,NA,NA,NA,13.9,NA,NA,NA,13.9,27.8
160,Coffee County,Black/Hispanic/Native American,67.2,72.2,55.8,20,43.9,71.2,62,29.2,56.2,61
160,Coffee County,Economically Disadvantaged,62.1,72.9,55.3,25.2,36.9,68.3,52.7,33.3,48.2,56.2
160,Coffee County,English Language Learners,NA,NA,NA,NA,7.7,NA,NA,NA,46.2,15.4
160,Coffee County,Students with Disabilities,30.9,NA,26.8,0,16.1,25,14.7,6.5,22.9,30
161,Manchester City,Black/Hispanic/Native American,NA,NA,NA,NA,48.4,NA,NA,NA,54.7,63.5
161,Manchester City,Economically Disadvantaged,NA,NA,NA,NA,43.7,NA,NA,NA,48.4,63
161,Manchester City,English Language Learners,NA,NA,NA,NA,34.4,NA,NA,NA,53.8,43.1
161,Manchester City,Students with Disabilities,NA,NA,NA,NA,26.2,NA,NA,NA,25.4,39.2
162,Tullahoma City,Black/Hispanic/Native American,42.4,20,52.5,29.4,27.9,53.5,43.2,26.5,38.9,43.9
162,Tullahoma City,Economically Disadvantaged,53.8,25.3,46.1,31.8,30.8,60.8,45.1,32.3,40.1,49.2
162,Tullahoma City,English Language Learners,NA,NA,NA,NA,10,NA,NA,NA,33.3,8.3
162,Tullahoma City,Students with Disabilities,NA,NA,41.7,12.5,11.1,30,26.3,5.3,16,20.6
170,Crockett County,Black/Hispanic/Native American,75.7,47.3,60.7,28.1,34.8,63.8,50.9,35.6,46.2,51.5
170,Crockett County,Economically Disadvantaged,72.3,51.9,67,37.7,41.2,65.4,55,46,49.8,62.2
170,Crockett County,English Language Learners,NA,NA,NA,NA,10.8,NA,NA,NA,21.6,13.5
170,Crockett County,Students with Disabilities,20.7,29.4,42.1,5.9,18.2,19.2,20,9.1,22.7,30.9
171,Alamo City,Black/Hispanic/Native American,NA,NA,NA,NA,25.6,NA,NA,NA,40,56.7
171,Alamo City,Economically Disadvantaged,NA,NA,NA,NA,45.3,NA,NA,NA,53.8,68
171,Alamo City,English Language Learners,NA,NA,NA,NA,0,NA,NA,NA,22.7,50
171,Alamo City,Students with Disabilities,NA,NA,NA,NA,13.9,NA,NA,NA,25,36.1
172,Bells City,Black/Hispanic/Native American,NA,NA,NA,NA,56.3,NA,NA,NA,53.1,73.4
172,Bells City,Economically Disadvantaged,NA,NA,NA,NA,60.8,NA,NA,NA,60.8,79.5
172,Bells City,English Language Learners,NA,NA,NA,NA,NA,NA,NA,NA,NA,NA
172,Bells City,Students with Disabilities,NA,NA,NA,NA,20,NA,NA,NA,30,35
180,Cumberland County,Black/Hispanic/Native American,88.5,54.8,60,58.1,36.1,85.7,66.7,48.1,46.3,52.1
180,Cumberland County,Economically Disadvantaged,79.5,52.5,65.7,42.6,44,72.7,59.4,39.6,51.4,65.2
180,Cumberland County,English Language Learners,NA,NA,NA,NA,4.3,NA,NA,NA,12.5,8.3
180,Cumberland County,Students with Disabilities,44.3,33.3,21.4,9.1,17.7,29.2,17.6,4.1,29.5,40.1
190,Davidson County,Black/Hispanic/Native American,62.1,33.4,43.4,29,31,57.8,49,23.7,38,40.8
190,Davidson County,Economically Disadvantaged,62.1,34.6,45.4,30.8,31.8,57.1,49.7,24.2,39.6,42.1
190,Davidson County,English Language Learners,34.5,10.5,16.2,8.8,7.5,14.1,13.3,5.2,28.7,22.7
190,Davidson County,Students with Disabilities,30.8,13.7,25.6,8.4,17.8,22.8,25.2,7.4,21.9,25.3
200,Decatur County,Black/Hispanic/Native American,84.6,30,72.7,NA,28.6,78.6,NA,50,47.1,54.3
200,Decatur County,Economically Disadvantaged,57.8,39.3,68.2,40,34.7,67.7,57.1,56.7,50.2,62.6
200,Decatur County,English Language Learners,NA,NA,NA,NA,0,NA,NA,NA,10,30
200,Decatur County,Students with Disabilities,23.8,NA,77.8,NA,13.5,54.2,50,33.3,20.7,35.1
210,DeKalb County,Black/Hispanic/Native American,44.8,NA,61.3,39.1,23.1,68,63.2,16,42.6,46.4
210,DeKalb County,Economically Disadvantaged,48.9,41.7,65,44.2,35.3,66.1,66.2,27.4,46.5,57.3
210,DeKalb County,English Language Learners,NA,NA,NA,NA,0,NA,NA,NA,18.8,9.4
210,DeKalb County,Students with Disabilities,12.5,NA,46.7,NA,18.2,29.6,23.1,7.1,21.3,32.9
220,Dickson County,Black/Hispanic/Native American,62,61.5,48.8,19.6,37.6,72.3,48.4,22.6,45.9,62.5
220,Dickson County,Economically Disadvantaged,61.3,49.3,60.3,30.5,42.6,75.2,60.9,30.6,51.3,68.1
220,Dickson County,English Language Learners,NA,NA,NA,NA,8.6,NA,NA,NA,8.3,16.7
220,Dickson County,Students with Disabilities,37.3,40,29.4,NA,19,35.1,29.4,3.8,27.5,39.9
230,Dyer County,Black/Hispanic/Native American,90.6,79.6,75,63.9,38.4,54.8,63.2,48.6,51.4,52.8
230,Dyer County,Economically Disadvantaged,82.8,74.5,72,49.4,45.5,65.5,58.7,45.1,56.3,66.5
230,Dyer County,English Language Learners,NA,NA,NA,NA,NA,NA,NA,NA,NA,NA
230,Dyer County,Students with Disabilities,40.9,NA,50,NA,14.4,9.5,33.3,5,22.6,39.4
231,Dyersburg City,Black/Hispanic/Native American,50.5,58.5,58.7,30.9,29.5,52.2,49.1,11.4,43.4,44.8
231,Dyersburg City,Economically Disadvantaged,55.6,57.5,59.5,28.6,33.2,58.3,49.3,14.1,48.2,49.5
231,Dyersburg City,English Language Learners,NA,NA,NA,NA,21.4,NA,NA,NA,33.3,26.7
231,Dyersburg City,Students with Disabilities,8.8,NA,25,NA,12.3,13.8,15.6,0,20.3,18.7
240,Fayette County,Black/Hispanic/Native American,35.4,11.1,47.2,15.8,25,54.4,46.7,30.1,28.6,31.4
240,Fayette County,Economically Disadvantaged,35.8,12.1,49.7,14.3,27.3,55.3,48.4,29.3,31.8,35.4
240,Fayette County,English Language Learners,NA,NA,NA,NA,6.7,NA,NA,NA,13.3,26.7
240,Fayette County,Students with Disabilities,12.1,5.6,36.4,0,14.6,25.8,35.7,6.7,16.4,20.9
250,Fentress County,Black/Hispanic/Native American,NA,NA,NA,NA,31.3,NA,NA,NA,31.3,50
250,Fentress County,Economically Disadvantaged,80,23.3,100,60.9,36.9,68.3,71.7,34.9,45,54.9
250,Fentress County,English Language Learners,NA,NA,NA,NA,NA,NA,NA,NA,NA,NA
250,Fentress County,Students with Disabilities,NA,NA,NA,NA,20.4,NA,NA,0,18.4,29.2
260,Franklin County,Black/Hispanic/Native American,60.4,57.1,48.9,21.1,31.6,69.6,53.2,39,38.2,43.2
260,Franklin County,Economically Disadvantaged,56.3,37.8,52.2,19.8,33,61,54.8,31.6,36.2,48.8
260,Franklin County,English Language Learners,NA,NA,NA,NA,9.1,NA,NA,NA,25,8.3
260,Franklin County,Students with Disabilities,16,NA,18,0,16.1,15.6,19.6,4.9,17.8,23.8
271,Humboldt City,Black/Hispanic/Native American,84.3,40.6,34.3,0,21.8,43.1,37.3,18.4,35.4,38
271,Humboldt City,Economically Disadvantaged,85.7,40,35.1,0,27.4,53.1,40.7,19.6,39.6,44.3
271,Humboldt City,English Language Learners,NA,NA,NA,NA,NA,NA,NA,NA,NA,NA
271,Humboldt City,Students with Disabilities,45.5,NA,20,NA,9.7,NA,18.2,0,14.1,18.1
272,Milan Special School District,Black/Hispanic/Native American,61.7,47.4,65.9,27.8,30.8,57.4,42.9,32.5,56.7,52.8
272,Milan Special School District,Economically Disadvantaged,68.3,58.2,73.8,41.5,39.2,69.8,52.3,40.8,61.5,62.3
272,Milan Special School District,English Language Learners,NA,NA,NA,NA,NA,NA,NA,NA,NA,NA
272,Milan Special School District,Students with Disabilities,48.1,NA,NA,NA,17.3,37.9,4.5,NA,36.1,35.3
273,Trenton Special School District,Black/Hispanic/Native American,86.7,85.7,48,NA,23,61.5,56,35.5,51.4,33.8
273,Trenton Special School District,Economically Disadvantaged,87.3,78.7,68.1,50,35.1,72.5,64.7,27.1,58.2,46.1
273,Trenton Special School District,English Language Learners,NA,NA,NA,NA,0,NA,NA,NA,47.4,15.8
273,Trenton Special School District,Students with Disabilities,NA,NA,NA,NA,15.7,NA,NA,NA,28.6,20
274,Bradford Special School District,Black/Hispanic/Native American,NA,NA,NA,NA,50,NA,NA,NA,71.4,57.1
274,Bradford Special School District,Economically Disadvantaged,95.8,86.7,83.3,50,43.2,77.3,59.1,71.4,67.1,67.1
274,Bradford Special School District,English Language Learners,NA,NA,NA,NA,NA,NA,NA,NA,NA,NA
274,Bradford Special School District,Students with Disabilities,NA,NA,NA,NA,15.2,NA,NA,NA,30.3,30.3
275,Gibson County Special School District,Black/Hispanic/Native American,70.8,61.5,50,44.4,38,43.5,56.5,50,46,55.2
275,Gibson County Special School District,Economically Disadvantaged,75.9,62.7,64.4,57.3,46.1,67.3,63.7,50,55.7,68
275,Gibson County Special School District,English Language Learners,NA,NA,NA,NA,NA,NA,NA,NA,NA,NA
275,Gibson County Special School District,Students with Disabilities,50,26.7,35.7,21.1,22.5,36,27.6,13.6,28.6,43.4
280,Giles County,Black/Hispanic/Native American,46.7,41.2,33.3,20.7,33.4,59.5,43.6,32.1,34.1,47.6
280,Giles County,Economically Disadvantaged,53.1,54,45,24.5,36.5,72.7,47.5,28.6,39.6,53.8
280,Giles County,English Language Learners,NA,NA,NA,NA,NA,NA,NA,NA,NA,NA
280,Giles County,Students with Disabilities,21.9,NA,18.8,NA,18.8,4.8,5.6,4.2,22.3,28.4
290,Grainger County,Black/Hispanic/Native American,47.1,46.2,47.1,15.8,19.1,62.5,38.1,6.7,36.2,41.9
290,Grainger County,Economically Disadvantaged,46.8,34.1,50,24.1,29.9,53.7,42.9,23.2,38.3,50.4
290,Grainger County,English Language Learners,NA,NA,NA,NA,9.4,NA,NA,NA,34.4,25
290,Grainger County,Students with Disabilities,25,0,24.1,0,16.6,20,29.6,21.4,22.8,29.9
300,Greene County,Black/Hispanic/Native American,51.9,NA,54.2,NA,33.5,59.3,60,40,46.5,56.8
300,Greene County,Economically Disadvantaged,58.4,52.3,56.7,42.6,36.7,67.2,54.9,34.8,39.5,54.3
300,Greene County,English Language Learners,NA,NA,NA,NA,0,NA,NA,NA,21.1,5.3
300,Greene County,Students with Disabilities,28.8,NA,31.3,NA,17.4,29.2,26.5,5.6,20.8,29.5
301,Greeneville City,Black/Hispanic/Native American,69.6,NA,66,50,45.6,76.3,53.1,26.7,55.3,62.3
301,Greeneville City,Economically Disadvantaged,77.9,76.2,67.6,78.6,47.2,79.1,66.3,42.7,54.3,64.5
301,Greeneville City,English Language Learners,NA,NA,NA,NA,0,NA,NA,NA,10.5,10.5
301,Greeneville City,Students with Disabilities,34.9,NA,37.8,NA,19.2,57.9,28.6,18.5,28.2,41.4
310,Grundy County,Black/Hispanic/Native American,NA,NA,NA,NA,16.7,NA,NA,NA,58.3,50
310,Grundy County,Economically Disadvantaged,43.4,39.2,48.6,32.6,29.1,56.8,59.9,33.3,35.4,44.6
310,Grundy County,English Language Learners,NA,NA,NA,NA,NA,NA,NA,NA,NA,NA
310,Grundy County,Students with Disabilities,7.3,NA,6.8,NA,10.3,12.5,15,0,11.4,14.9
320,Hamblen County,Black/Hispanic/Native American,73,56.3,64,34.8,34.6,68,59.4,29.5,49.5,56.7
320,Hamblen County,Economically Disadvantaged,69.2,52.8,61.7,32.4,38,67.1,57.9,31.8,52.4,62.3
320,Hamblen County,English Language Learners,12.5,NA,6.7,NA,4.3,NA,NA,NA,26.4,22.2
320,Hamblen County,Students with Disabilities,36.5,NA,28.2,35.3,19.3,16.9,27.8,5.7,26.8,35.6
330,Hamilton County,Black/Hispanic/Native American,46.7,30.1,38.2,15.8,25.7,50.2,40.8,18.2,38.8,38.9
330,Hamilton County,Economically Disadvantaged,50.4,33.4,44.8,18.4,31.4,56.3,45.7,22.4,44.2,47
330,Hamilton County,English Language Learners,13.1,4,8,0,4.7,11.8,8.3,NA,25.3,16.6
330,Hamilton County,Students with Disabilities,24.2,11,32.7,6.1,20.1,23.3,28.4,9.7,27.6,31.6
340,Hancock County,Black/Hispanic/Native American,NA,NA,NA,NA,NA,NA,NA,NA,NA,NA
340,Hancock County,Economically Disadvantaged,47.5,35.9,33.3,7.8,22.3,57.6,46,20.9,23.6,38.2
340,Hancock County,English Language Learners,NA,NA,NA,NA,NA,NA,NA,NA,NA,NA
340,Hancock County,Students with Disabilities,NA,NA,NA,NA,3.2,0,25,NA,3.2,6.4
350,Hardeman County,Black/Hispanic/Native American,43.7,20.8,34.2,16,24.3,47.4,30.5,11.1,35.4,32
350,Hardeman County,Economically Disadvantaged,46.4,25.8,41.9,20.7,30.5,52.9,47.2,17.3,44,43.8
350,Hardeman County,English Language Learners,NA,NA,NA,NA,NA,NA,NA,NA,NA,NA
350,Hardeman County,Students with Disabilities,10.6,NA,10.3,NA,12.5,6.3,12.1,9.5,17.4,20
360,Hardin County,Black/Hispanic/Native American,45.5,40,47.6,22.6,29.9,52.6,38.7,25.9,27.6,44.8
360,Hardin County,Economically Disadvantaged,55.2,58.9,51.3,42.1,37.8,69.2,53.5,39.1,38.7,58.2
360,Hardin County,English Language Learners,NA,NA,NA,NA,NA,NA,NA,NA,NA,NA
360,Hardin County,Students with Disabilities,19.2,NA,11.8,NA,12.7,26.5,23.1,0,15.1,24.4
370,Hawkins County,Black/Hispanic/Native American,72.7,38.5,51.6,30,42.1,73.7,44.8,7.7,48.7,55
370,Hawkins County,Economically Disadvantaged,61.9,43.4,51,41.2,38,61.9,46.3,33.8,48.5,59.4
370,Hawkins County,English Language Learners,NA,NA,NA,NA,NA,NA,NA,NA,NA,NA
370,Hawkins County,Students with Disabilities,27.4,13.3,15.6,NA,17.9,19.8,13.6,9.3,29.4,34.9
371,Rogersville City,Black/Hispanic/Native American,NA,NA,NA,NA,50,NA,NA,NA,50,78.6
371,Rogersville City,Economically Disadvantaged,NA,NA,NA,NA,47.4,NA,NA,NA,50.2,70.8
371,Rogersville City,English Language Learners,NA,NA,NA,NA,NA,NA,NA,NA,NA,NA
371,Rogersville City,Students with Disabilities,NA,NA,NA,NA,25,NA,NA,NA,30,47.5
380,Haywood County,Black/Hispanic/Native American,51.8,25.7,39.4,22.3,27.9,57,36.4,23.5,40.5,36.7
380,Haywood County,Economically Disadvantaged,52.2,24.3,39.7,23.4,29.8,61.3,38.2,23.4,40.7,38.8
380,Haywood County,English Language Learners,NA,NA,NA,NA,6.3,NA,NA,NA,37.5,25
380,Haywood County,Students with Disabilities,25,NA,33.3,NA,14.6,26.7,23.8,NA,20.7,17.8
390,Henderson County,Black/Hispanic/Native American,77.6,86.7,64.7,33.3,44.3,68.6,75,31.3,61.2,51
390,Henderson County,Economically Disadvantaged,80.6,86.8,70.6,41.7,47.9,76.4,66.3,42.7,67,66.2
390,Henderson County,English Language Learners,NA,NA,NA,NA,NA,NA,NA,NA,NA,NA
390,Henderson County,Students with Disabilities,49,NA,36.2,NA,19.5,31.1,25.5,3.4,38.1,36.2
391,Lexington City,Black/Hispanic/Native American,NA,NA,NA,NA,33.9,NA,NA,NA,52.3,54.6
391,Lexington City,Economically Disadvantaged,NA,NA,NA,NA,35.2,NA,NA,NA,54.2,58.7
391,Lexington City,English Language Learners,NA,NA,NA,NA,NA,NA,NA,NA,NA,NA
391,Lexington City,Students with Disabilities,NA,NA,NA,NA,16.1,NA,NA,NA,29,25.8
400,Henry County,Black/Hispanic/Native American,62.5,48.9,69.2,47.5,39.6,51,53.2,27.3,52.2,66.7
400,Henry County,Economically Disadvantaged,72.9,51.5,76.3,52.7,46.1,67,60.9,46.4,64.2,73.1
400,Henry County,English Language Learners,NA,NA,NA,NA,NA,NA,NA,NA,NA,NA
400,Henry County,Students with Disabilities,40,33.3,64,NA,17.3,15.2,25,4.2,28.6,35.7
401,Paris Special School District,Black/Hispanic/Native American,NA,NA,NA,NA,30.5,NA,NA,NA,32.2,54.9
401,Paris Special School District,Economically Disadvantaged,100,NA,NA,NA,40.3,NA,NA,NA,47.7,67.2
401,Paris Special School District,English Language Learners,NA,NA,NA,NA,NA,NA,NA,NA,NA,NA
401,Paris Special School District,Students with Disabilities,NA,NA,NA,NA,25.2,NA,NA,NA,29.3,42.9
410,Hickman County,Black/Hispanic/Native American,36.8,NA,14.3,NA,31.8,50,33.3,NA,42,47.7
410,Hickman County,Economically Disadvantaged,32,18.9,43.8,50,43.5,52,54.5,26.2,54.2,64.1
410,Hickman County,English Language Learners,NA,NA,NA,NA,NA,NA,NA,NA,NA,NA
410,Hickman County,Students with Disabilities,18,20,20.3,NA,18.9,16.7,20.9,2.3,31.9,36.4
420,Houston County,Black/Hispanic/Native American,50,NA,70,NA,34.7,40,80,NA,44.9,46.9
420,Houston County,Economically Disadvantaged,61.1,52.6,57.1,28.9,36.5,57.1,55.6,26,47,57
420,Houston County,English Language Learners,NA,NA,NA,NA,NA,NA,NA,NA,NA,NA
420,Houston County,Students with Disabilities,26.9,NA,11.8,NA,19.1,26.7,17.6,0,28.2,34.5
430,Humphreys County,Black/Hispanic/Native American,39.1,10,NA,14.3,32.4,68.2,50,NA,35.7,52.7
430,Humphreys County,Economically Disadvantaged,39.5,29.3,70.3,35.6,41.2,66.7,74.1,37.9,45.1,61.5
430,Humphreys County,English Language Learners,NA,NA,NA,NA,NA,NA,NA,NA,NA,NA
430,Humphreys County,Students with Disabilities,12.1,NA,47.4,NA,17.7,48.1,59.5,20.8,23.1,40
440,Jackson County,Black/Hispanic/Native American,NA,NA,NA,NA,66.7,NA,NA,NA,61.1,83.3
440,Jackson County,Economically Disadvantaged,43.6,33,67.9,44.6,39,58.7,44.8,40.4,40.9,60.8
440,Jackson County,English Language Learners,NA,NA,NA,NA,NA,NA,NA,NA,NA,NA
440,Jackson County,Students with Disabilities,10.5,NA,27.3,NA,12,15.8,4.5,6.7,12.7,28.6
450,Jefferson County,Black/Hispanic/Native American,77.1,57.6,71.4,48.1,27.5,66.7,60.9,32.1,39.4,49.5
450,Jefferson County,Economically Disadvantaged,75.9,46.1,70.6,40.5,32.7,68,62.8,30.5,43.1,55.6
450,Jefferson County,English Language Learners,NA,NA,NA,NA,6,NA,NA,NA,19.8,18.8
450,Jefferson County,Students with Disabilities,60.8,NA,34,NA,17.2,24,22.9,3.2,23.1,25.8
460,Johnson County,Black/Hispanic/Native American,NA,NA,NA,NA,40.6,NA,NA,NA,62.5,68.8
460,Johnson County,Economically Disadvantaged,73,29.2,56.9,31.9,44.9,66.4,42.3,15.6,48.4,67.4
460,Johnson County,English Language Learners,NA,NA,NA,NA,NA,NA,NA,NA,NA,NA
460,Johnson County,Students with Disabilities,47.8,NA,47.6,9.1,21.8,29.2,20.7,5.9,29.1,44.8
470,Knox County,Black/Hispanic/Native American,58.7,35,46.6,26.2,32.5,59.8,52.1,25.5,36.3,46.7
470,Knox County,Economically Disadvantaged,56.7,43.8,51.4,30.5,34.5,61.1,53.1,29.8,38.5,51.2
470,Knox County,English Language Learners,33.3,17.6,11.5,14.3,6.3,18.4,12.2,9.1,21.9,23.1
470,Knox County,Students with Disabilities,34.5,41.3,31.3,28.2,18,25,32.6,10.3,21.4,31.8
480,Lake County,Black/Hispanic/Native American,12.5,NA,NA,27.3,19.7,35,11.8,16.7,19.7,28.7
480,Lake County,Economically Disadvantaged,22.9,0,25,36.5,32.5,36.8,34.6,31.7,34.7,45.6
480,Lake County,English Language Learners,NA,NA,NA,NA,NA,NA,NA,NA,NA,NA
480,Lake County,Students with Disabilities,NA,NA,NA,NA,6.3,0,NA,NA,9.4,15.6
490,Lauderdale County,Black/Hispanic/Native American,73.2,52.9,32.9,22.5,29.7,50.7,48.4,25.2,41.9,47.1
490,Lauderdale County,Economically Disadvantaged,76.9,58.7,47.4,27.3,35.4,56.6,55,31,48.9,57.3
490,Lauderdale County,English Language Learners,NA,NA,NA,NA,6.3,NA,NA,NA,18.8,20
490,Lauderdale County,Students with Disabilities,46.9,NA,13.6,NA,9.2,16.3,14.6,0,20.5,22.5
500,Lawrence County,Black/Hispanic/Native American,90.9,66.7,69.6,57.1,37.4,78.3,68.4,34.8,54.7,60.9
500,Lawrence County,Economically Disadvantaged,81.6,54.8,64.2,47.3,50,71.6,61.2,34.7,62.9,70.8
500,Lawrence County,English Language Learners,NA,NA,NA,NA,0,NA,NA,NA,20,20
500,Lawrence County,Students with Disabilities,61,NA,49.1,23.1,18.8,22.2,24.6,5.7,26.8,33.1
510,Lewis County,Black/Hispanic/Native American,45.5,NA,NA,27.3,28.1,NA,NA,25,42.1,43.9
510,Lewis County,Economically Disadvantaged,56.3,24.5,54.5,24.5,45.4,68.9,64.2,29.2,50,57.3
510,Lewis County,English Language Learners,NA,NA,NA,NA,NA,NA,NA,NA,NA,NA
510,Lewis County,Students with Disabilities,0,NA,10,NA,11.3,15.4,10,0,7.9,15.8
520,Lincoln County,Black/Hispanic/Native American,75,56.5,64.7,41.2,48,72.4,76.5,47.8,65.5,68.5
520,Lincoln County,Economically Disadvantaged,66.1,53.8,70,54,47.3,66.9,62.3,40.6,58.7,67.8
520,Lincoln County,English Language Learners,NA,NA,NA,NA,NA,NA,NA,NA,NA,NA
520,Lincoln County,Students with Disabilities,48.4,18.2,57.1,NA,25.4,17.2,27.3,16,35.2,41.3
521,Fayetteville City,Black/Hispanic/Native American,43.8,20.8,39.4,12.5,29.4,51.6,54.2,20,33.3,52
521,Fayetteville City,Economically Disadvantaged,44.7,40,44,34.5,32.8,53.3,56.1,33.3,34.6,55.1
521,Fayetteville City,English Language Learners,NA,NA,NA,NA,8.3,NA,NA,NA,25,50
521,Fayetteville City,Students with Disabilities,NA,NA,NA,NA,25.3,NA,27.3,NA,18.4,31.6
530,Loudon County,Black/Hispanic/Native American,62.2,21.7,52.2,33.3,31.9,52.9,68.8,26.2,43,50.3
530,Loudon County,Economically Disadvantaged,61.5,35,59,36.5,43.7,70.8,59.4,32.2,50.8,61.6
530,Loudon County,English Language Learners,NA,NA,NA,NA,4.4,NA,NA,NA,21.6,13.7
530,Loudon County,Students with Disabilities,28.9,NA,22.7,NA,23.4,26.1,11.8,0,26.6,37.1
531,Lenoir City,Black/Hispanic/Native American,61.8,73.5,50,28.1,25.8,68.2,44.2,32.4,49,53.8
531,Lenoir City,Economically Disadvantaged,57.3,70.2,53.6,41.5,28,65.6,54.8,39.3,42.5,53.1
531,Lenoir City,English Language Learners,13.6,NA,0,NA,8.5,NA,0,NA,39.4,41.5
531,Lenoir City,Students with Disabilities,24.1,NA,17.2,18.2,10,15.9,7.4,3.6,12.7,22.7
540,McMinn County,Black/Hispanic/Native American,70.5,37.1,57.7,23.9,39.7,62.1,61.6,29.2,46.7,59.2
540,McMinn County,Economically Disadvantaged,74.8,32.3,69.1,27.6,40.7,63.3,60.2,29.8,46.7,61.6
540,McMinn County,English Language Learners,NA,NA,NA,NA,18.2,NA,NA,NA,38.5,38.5
540,McMinn County,Students with Disabilities,47.8,23.5,45.7,8.3,18.8,16.3,25,7.3,20.8,30.6
541,Athens City,Black/Hispanic/Native American,NA,NA,NA,NA,38.3,NA,NA,NA,45.3,45.3
541,Athens City,Economically Disadvantaged,100,NA,NA,NA,43.6,NA,NA,NA,51.7,54.4
541,Athens City,English Language Learners,NA,NA,NA,NA,0,NA,NA,NA,28.6,7.1
541,Athens City,Students with Disabilities,NA,NA,NA,NA,15.3,NA,NA,NA,19.5,25.4
542,Etowah City,Black/Hispanic/Native American,NA,NA,NA,NA,37.5,NA,NA,NA,45.8,75
542,Etowah City,Economically Disadvantaged,NA,NA,NA,NA,32.3,NA,NA,NA,34.8,62
542,Etowah City,English Language Learners,NA,NA,NA,NA,NA,NA,NA,NA,NA,NA
542,Etowah City,Students with Disabilities,NA,NA,NA,NA,6.5,NA,NA,NA,9.7,22.6
550,McNairy County,Black/Hispanic/Native American,50,55.2,28.1,21.4,27.1,46.9,53.6,40,47.6,43.8
550,McNairy County,Economically Disadvantaged,50,56.6,51.5,28.7,37.2,60,53.8,44.3,51.8,55.7
550,McNairy County,English Language Learners,NA,NA,NA,NA,NA,NA,NA,NA,NA,NA
550,McNairy County,Students with Disabilities,17.9,33.3,28,0,13.6,34.5,5,6.9,24.1,28.6
560,Macon County,Black/Hispanic/Native American,75,50,50,NA,18.4,68.4,53.3,30.8,36.6,38.7
560,Macon County,Economically Disadvantaged,74,34,50,37.1,33.7,68.7,53.7,33.1,41,55.1
560,Macon County,English Language Learners,NA,NA,NA,NA,0,NA,NA,NA,14.3,14.3
560,Macon County,Students with Disabilities,51.2,NA,23.3,NA,17.7,20,8.3,3.7,19,28.5
570,Jackson-Madison County,Black/Hispanic/Native American,45.8,26,41,25.8,29.5,48.1,44,26.2,31.5,36.8
570,Jackson-Madison County,Economically Disadvantaged,49.4,28.4,45.6,31.9,31.9,50,46,28,34.2,41.1
570,Jackson-Madison County,English Language Learners,50,0,28.6,NA,8.5,NA,NA,NA,26.5,21.3
570,Jackson-Madison County,Students with Disabilities,36.2,17.4,24.3,23.1,24,12.2,17.5,2.3,23.8,27.9
580,Marion County,Black/Hispanic/Native American,NA,9.1,41.2,19,38.1,69.2,47.1,38.5,45.5,56.7
580,Marion County,Economically Disadvantaged,NA,18.4,69.7,33.3,37.3,63.5,47.4,43,47,60.9
580,Marion County,English Language Learners,NA,NA,NA,NA,20,NA,NA,NA,33.3,33.3
580,Marion County,Students with Disabilities,NA,NA,37.5,NA,17.6,17.9,20.5,7.1,22.5,41.4
581,Richard City,Black/Hispanic/Native American,NA,NA,NA,NA,NA,NA,NA,NA,NA,NA
581,Richard City,Economically Disadvantaged,78.3,54.5,61.5,0,48.1,72.7,80,21.4,52.6,56.6
581,Richard City,English Language Learners,NA,NA,NA,NA,NA,NA,NA,NA,NA,NA
581,Richard City,Students with Disabilities,NA,NA,NA,NA,7.1,NA,NA,NA,28.6,28.6
590,Marshall County,Black/Hispanic/Native American,85.7,58.6,64.9,34.6,35.5,66.7,63.9,32.3,49.4,59.5
590,Marshall County,Economically Disadvantaged,81.9,60.3,64.7,35.7,37.8,65,62.3,38.3,50.7,64.9
590,Marshall County,English Language Learners,NA,NA,NA,NA,9.5,NA,NA,NA,32.6,41.9
590,Marshall County,Students with Disabilities,66.7,NA,33.3,NA,17.6,15.6,25,10.3,26.8,34.5
600,Maury County,Black/Hispanic/Native American,49.3,40.4,51.3,21.2,28.8,54.9,44.5,24.9,31.3,42
600,Maury County,Economically Disadvantaged,52.7,41.6,54.3,26.2,33.6,57.9,49.3,23.9,35.7,49.7
600,Maury County,English Language Learners,21.1,NA,NA,NA,5.1,NA,NA,NA,12,16
600,Maury County,Students with Disabilities,24.8,22.7,17.9,10,16.6,17.6,15.1,5.1,22.3,28.5
610,Meigs County,Black/Hispanic/Native American,NA,NA,NA,NA,38.9,NA,NA,NA,44.4,55.6
610,Meigs County,Economically Disadvantaged,62.9,39.7,64.3,33.3,43.1,70.4,69.1,53,53.1,60.7
610,Meigs County,English Language Learners,NA,NA,NA,NA,NA,NA,NA,NA,NA,NA
610,Meigs County,Students with Disabilities,NA,NA,NA,NA,18.6,NA,NA,NA,26.7,30.4
620,Monroe County,Black/Hispanic/Native American,61.1,35.7,54.3,12.9,24.4,55.2,45.8,20.7,39.1,37.8
620,Monroe County,Economically Disadvantaged,56.9,45,60.6,27.8,34.9,57,49.5,37.5,43.7,49.5
620,Monroe County,English Language Learners,NA,NA,NA,NA,NA,NA,NA,NA,NA,NA
620,Monroe County,Students with Disabilities,40.6,NA,37.9,NA,14.1,31.9,24.6,7.7,18.1,23.3
621,Sweetwater City,Black/Hispanic/Native American,NA,NA,NA,NA,36.3,NA,NA,NA,47.3,47.9
621,Sweetwater City,Economically Disadvantaged,NA,NA,NA,NA,43.8,NA,NA,NA,55.4,56.1
621,Sweetwater City,English Language Learners,NA,NA,NA,NA,4.2,NA,NA,NA,20.8,8.3
621,Sweetwater City,Students with Disabilities,NA,NA,NA,NA,21.6,NA,NA,NA,25.1,32
630,Montgomery County,Black/Hispanic/Native American,67.8,55.2,67.7,39.8,45.4,71.6,59.6,37.6,54.2,69.1
630,Montgomery County,Economically Disadvantaged,67.2,59.4,66.9,42.3,45.5,68.3,58.1,35.8,54.6,70.2
630,Montgomery County,English Language Learners,18.2,70,31.3,NA,18.3,23.5,NA,NA,39,43.6
630,Montgomery County,Students with Disabilities,35.6,45.8,37.7,30.2,19.6,29.1,26.2,8,30,43.6
640,Moore County,Black/Hispanic/Native American,NA,NA,NA,NA,44,NA,NA,NA,45.8,52
640,Moore County,Economically Disadvantaged,69.8,27.3,81.3,56.5,41.8,86.1,61.3,28.6,47.8,56.3
640,Moore County,English Language Learners,NA,NA,NA,NA,NA,NA,NA,NA,NA,NA
640,Moore County,Students with Disabilities,NA,NA,NA,NA,16.1,NA,NA,NA,23.2,28.6
650,Morgan County,Black/Hispanic/Native American,NA,NA,NA,NA,33.3,NA,NA,NA,42.3,48.1
650,Morgan County,Economically Disadvantaged,50,21.5,47.1,23.9,31,59.9,51.5,30.1,30.8,44.9
650,Morgan County,English Language Learners,NA,NA,NA,NA,NA,NA,NA,NA,NA,NA
650,Morgan County,Students with Disabilities,17.6,NA,16.3,NA,12.8,19.4,24.1,0,12.9,19.4
660,Obion County,Black/Hispanic/Native American,72.7,45.7,63.6,43.5,31.4,62.1,39.3,30.3,42,62.5
660,Obion County,Economically Disadvantaged,71.5,66,69.3,54.6,36.6,70.1,57.4,36.2,44.4,64.7
660,Obion County,English Language Learners,NA,NA,NA,NA,7.7,NA,NA,NA,26.9,42.3
660,Obion County,Students with Disabilities,35,42.9,31,NA,18.2,24.4,21.3,12.1,25.2,39.4
661,Union City,Black/Hispanic/Native American,67.3,74.3,60.4,43.6,30.8,52.7,52,40.5,43.1,41.1
661,Union City,Economically Disadvantaged,67.2,80,63.5,46.7,35.4,50,62.3,40,44.2,47.1
661,Union City,English Language Learners,NA,NA,NA,NA,0,NA,NA,NA,26.7,0
661,Union City,Students with Disabilities,NA,NA,NA,NA,9.8,9.5,NA,NA,17.3,16.3
670,Overton County,Black/Hispanic/Native American,NA,NA,83.3,NA,46.3,NA,NA,NA,46.3,61
670,Overton County,Economically Disadvantaged,73.9,21.7,65.9,40.9,42.4,79.7,50,34.1,54.1,65
670,Overton County,English Language Learners,NA,NA,NA,NA,NA,NA,NA,NA,NA,NA
670,Overton County,Students with Disabilities,20.9,NA,20.7,NA,15.1,40,9.1,19.4,25.1,31.8
680,Perry County,Black/Hispanic/Native American,NA,NA,NA,NA,33.3,NA,NA,NA,57.6,54.5
680,Perry County,Economically Disadvantaged,44.4,50.9,56.7,19.4,38.9,58.5,64.9,33.3,57.4,63.3
680,Perry County,English Language Learners,NA,NA,NA,NA,NA,NA,NA,NA,NA,NA
680,Perry County,Students with Disabilities,15.4,NA,16.7,NA,24,NA,10,0,32,41.3
690,Pickett County,Black/Hispanic/Native American,NA,NA,NA,NA,NA,NA,NA,NA,NA,NA
690,Pickett County,Economically Disadvantaged,84.9,33.3,69.4,10.5,23.7,76.5,56.8,32.1,19,45.5
690,Pickett County,English Language Learners,NA,NA,NA,NA,NA,NA,NA,NA,NA,NA
690,Pickett County,Students with Disabilities,NA,NA,NA,NA,7.8,NA,50,NA,10,11.8
700,Polk County,Black/Hispanic/Native American,NA,NA,NA,NA,40.9,NA,NA,NA,45.5,50
700,Polk County,Economically Disadvantaged,54.5,52.7,63.5,34.9,35.2,57,44.1,30.3,48.5,49.8
700,Polk County,English Language Learners,NA,NA,NA,NA,NA,NA,NA,NA,NA,NA
700,Polk County,Students with Disabilities,14.8,NA,26.9,NA,12,23.1,14.8,0,18.9,18.2
710,Putnam County,Black/Hispanic/Native American,NA,NA,57.5,27.8,29.2,57.1,53.5,26.2,36.8,47.3
710,Putnam County,Economically Disadvantaged,NA,NA,58.8,25.4,36.1,64.4,54.7,27,41.6,57.1
710,Putnam County,English Language Learners,NA,NA,NA,10,5.1,14.3,NA,NA,19.2,21.3
710,Putnam County,Students with Disabilities,NA,NA,23,7.5,16.9,24,19.1,6.3,20.8,30.6
720,Rhea County,Black/Hispanic/Native American,80.4,53.3,51.5,42.9,33.7,53.5,69,39.1,55.6,52.2
720,Rhea County,Economically Disadvantaged,73.2,45.5,56.4,49.6,42.8,66.8,62.6,34.7,56.6,62.7
720,Rhea County,English Language Learners,NA,NA,NA,NA,0,NA,NA,NA,30,20
720,Rhea County,Students with Disabilities,28.6,NA,36.4,NA,20.2,32.6,26.8,7.4,25.3,34.3
721,Dayton City,Black/Hispanic/Native American,NA,NA,NA,NA,31.5,NA,NA,NA,31.5,55.4
721,Dayton City,Economically Disadvantaged,NA,NA,NA,NA,33.7,NA,NA,NA,35.4,57.5
721,Dayton City,English Language Learners,NA,NA,NA,NA,5,NA,NA,NA,10,10
721,Dayton City,Students with Disabilities,NA,NA,NA,NA,17.2,NA,NA,NA,18.2,33.3
730,Roane County,Black/Hispanic/Native American,62.5,48.5,51.4,46.9,35.8,70.3,55,39.4,37,56.9
730,Roane County,Economically Disadvantaged,61.5,44.5,56.4,42.4,38.9,64.5,53.6,30.9,44.5,62.9
730,Roane County,English Language Learners,NA,NA,NA,NA,NA,NA,NA,NA,NA,NA
730,Roane County,Students with Disabilities,25.8,NA,14.8,20,17.6,17.6,14.7,7,22.5,38.3
740,Robertson County,Black/Hispanic/Native American,61.3,40.6,43.3,28.1,29.1,65.4,52.5,25.4,40,33.9
740,Robertson County,Economically Disadvantaged,61.8,40.3,52.2,28.5,34.9,65.9,54.7,27.1,44.7,45.9
740,Robertson County,English Language Learners,NA,NA,NA,NA,3.6,NA,NA,NA,20,9
740,Robertson County,Students with Disabilities,33.6,19.2,22.3,12.5,15,24.4,23.6,1,23.1,25.1
750,Rutherford County,Black/Hispanic/Native American,63.9,46.6,59.6,46.7,43.8,67.7,61,35.8,52.9,65
750,Rutherford County,Economically Disadvantaged,64.6,47.6,59.7,46.8,44.5,67.9,60.1,38.5,54.2,66.1
750,Rutherford County,English Language Learners,40.5,17.1,13.5,20,7.3,16.9,12,0,29,29
750,Rutherford County,Students with Disabilities,37.2,22,32.6,32.3,20.5,35.7,26.4,10.7,25.8,38
751,Murfreesboro City,Black/Hispanic/Native American,NA,NA,NA,NA,34,NA,NA,NA,47.7,42.4
751,Murfreesboro City,Economically Disadvantaged,NA,NA,NA,NA,37.5,NA,NA,NA,52.6,47.9
751,Murfreesboro City,English Language Learners,NA,NA,NA,NA,9.9,NA,NA,NA,27,17.7
751,Murfreesboro City,Students with Disabilities,NA,NA,NA,NA,15.1,NA,NA,NA,25.8,25.9
760,Scott County,Black/Hispanic/Native American,NA,NA,NA,NA,46.2,NA,NA,NA,30.8,38.5
760,Scott County,Economically Disadvantaged,50.6,30.9,48.4,18.4,38,63.3,49.4,35.4,39.4,51.5
760,Scott County,English Language Learners,NA,NA,NA,NA,NA,NA,NA,NA,NA,NA
760,Scott County,Students with Disabilities,64.3,NA,27.3,NA,16.9,27.3,31.3,26.7,18.7,24.1
761,Oneida Special School District,Black/Hispanic/Native American,NA,NA,NA,NA,NA,NA,NA,NA,NA,NA
761,Oneida Special School District,Economically Disadvantaged,64.8,68.6,83,30,38.3,78.3,64.2,44.8,39.1,56.6
761,Oneida Special School District,English Language Learners,NA,NA,NA,NA,NA,NA,NA,NA,NA,NA
761,Oneida Special School District,Students with Disabilities,NA,NA,NA,NA,13.7,NA,NA,NA,23.5,20
770,Sequatchie County,Black/Hispanic/Native American,NA,NA,NA,NA,30.9,NA,NA,NA,35.8,43.2
770,Sequatchie County,Economically Disadvantaged,70.4,43.2,75.2,23.6,32.7,69.7,63.4,22.3,42.9,50.1
770,Sequatchie County,English Language Learners,NA,NA,NA,NA,NA,NA,NA,NA,NA,NA
770,Sequatchie County,Students with Disabilities,29.6,NA,52.9,NA,15.9,10.5,40.9,9.5,23.2,28.7
780,Sevier County,Black/Hispanic/Native American,55.6,41,45.2,33.8,30.6,58.7,44.3,34.2,36.3,50.4
780,Sevier County,Economically Disadvantaged,59,42,56.7,38.9,35.6,59.2,56.9,37.1,39.9,55.3
780,Sevier County,English Language Learners,4.2,NA,4,NA,2.5,NA,0,NA,11.7,20.2
780,Sevier County,Students with Disabilities,30.3,20,36.8,38.5,18.4,20.2,31.7,10.8,24.1,32.7
792,Shelby County,Black/Hispanic/Native American,57.9,34.1,39.3,19.8,29.5,53.1,45.4,21.3,37,44.7
792,Shelby County,Economically Disadvantaged,57.2,32.6,37.9,17.9,28,50.1,43,18.7,35.9,43.4
792,Shelby County,English Language Learners,29.7,10.1,8.2,7.1,9.1,20.2,7.6,4.7,28.3,30.6
792,Shelby County,Students with Disabilities,30.1,9.5,22.4,4.9,14.7,22.7,22.4,4.2,18.7,21.2
793,Arlington City,Black/Hispanic/Native American,80.4,52.9,74.1,36.2,65,80.2,63.8,38.6,64.5,78.2
793,Arlington City,Economically Disadvantaged,73.8,47.6,62.7,20.7,57,81.4,52.2,31.4,61.2,74.7
793,Arlington City,English Language Learners,NA,NA,NA,NA,22.9,NA,NA,NA,65.7,62.9
793,Arlington City,Students with Disabilities,58.5,21.6,40,4.8,28.6,34.9,29.7,9.1,40.2,54.3
794,Bartlett City,Black/Hispanic/Native American,66.5,51,67.3,25.6,49.7,72.4,68.3,27.5,55.1,63.5
794,Bartlett City,Economically Disadvantaged,68.9,50.9,59,30.2,48.6,71.4,66.8,32,57,67.2
794,Bartlett City,English Language Learners,NA,NA,NA,NA,25.5,NA,NA,NA,46.3,48.1
794,Bartlett City,Students with Disabilities,38.8,25,27.6,13.3,26.9,32.3,23.7,10.5,36.7,43.7
795,Collierville City,Black/Hispanic/Native American,79.1,68.2,70.5,62.9,55,82.4,62.4,41,54.4,68.9
795,Collierville City,Economically Disadvantaged,69.6,70.6,56.3,59.6,45.7,73.3,61.2,41.5,49.2,63.7
795,Collierville City,English Language Learners,NA,NA,NA,NA,26.2,NA,NA,NA,55.8,55.8
795,Collierville City,Students with Disabilities,55.2,42.3,44.3,39.3,34.1,55.6,39.3,14.8,43.9,57
796,Germantown City,Black/Hispanic/Native American,78.6,74.1,76.7,67.5,69.5,79.3,77.7,56,58.4,78.4
796,Germantown City,Economically Disadvantaged,65.7,67.2,71.4,60.4,60.6,75,65.1,44.2,56.2,76.1
796,Germantown City,English Language Learners,NA,NA,NA,NA,34.5,NA,NA,NA,55.2,65.5
796,Germantown City,Students with Disabilities,55.3,60.9,62.9,55.6,41.2,54.1,42.4,35.7,39.9,58.8
797,Lakeland City,Black/Hispanic/Native American,NA,NA,NA,NA,68.5,NA,NA,NA,79.6,81.5
797,Lakeland City,Economically Disadvantaged,NA,NA,NA,NA,62.5,NA,NA,NA,77.1,79.2
797,Lakeland City,English Language Learners,NA,NA,NA,NA,NA,NA,NA,NA,NA,NA
797,Lakeland City,Students with Disabilities,NA,NA,NA,NA,47,NA,NA,NA,62.1,66.7
798,Millington City,Black/Hispanic/Native American,55.9,21.6,38.5,18.6,34.3,45.6,46.8,23,43,50.3
798,Millington City,Economically Disadvantaged,55.9,30.2,46.8,21.2,35,58.1,45.6,24.4,44.2,54
798,Millington City,English Language Learners,NA,NA,NA,NA,18.5,NA,NA,NA,29,22.6
798,Millington City,Students with Disabilities,15.8,0,12.8,0,10.8,11.1,13.5,0,15.1,22
800,Smith County,Black/Hispanic/Native American,NA,NA,43.8,NA,31.4,50,47.1,40,48.6,57.1
800,Smith County,Economically Disadvantaged,NA,NA,58.8,30,39.8,67.3,60.3,38,50,63.7
800,Smith County,English Language Learners,NA,NA,NA,NA,NA,NA,NA,NA,NA,NA
800,Smith County,Students with Disabilities,NA,NA,22.2,11.5,16.3,22.5,15.2,7.7,21.9,31.1
810,Stewart County,Black/Hispanic/Native American,NA,NA,NA,NA,53.1,NA,80,NA,65.3,77.6
810,Stewart County,Economically Disadvantaged,71.3,69.8,56.5,48.6,43.7,76.7,55.7,42.3,62.3,74.4
810,Stewart County,English Language Learners,NA,NA,NA,NA,NA,NA,NA,NA,NA,NA
810,Stewart County,Students with Disabilities,40,NA,30,NA,27.2,29.4,31.6,0,35.1,38.1
820,Sullivan County,Black/Hispanic/Native American,53.8,50,58.3,35,34,66.7,50,22.2,47.9,59.9
820,Sullivan County,Economically Disadvantaged,56.2,46.8,51.7,28.2,38.5,59.9,50.6,30.1,42.7,57.7
820,Sullivan County,English Language Learners,NA,NA,NA,NA,7.1,NA,NA,NA,21.4,35.7
820,Sullivan County,Students with Disabilities,16.3,9.1,22.7,15.4,16,17.3,21.1,8.1,20.7,34.2
821,Bristol City,Black/Hispanic/Native American,44.8,45.5,54.7,47.1,45.2,51.7,60.7,38.9,52.9,66.2
821,Bristol City,Economically Disadvantaged,58.9,51,53.7,61.5,43.4,64.5,59.3,39.8,52.7,68.5
821,Bristol City,English Language Learners,NA,NA,NA,NA,8.3,NA,NA,NA,16.7,41.7
821,Bristol City,Students with Disabilities,22.5,NA,27.9,NA,18.9,23.9,22.9,7.7,27.9,39.2
822,Kingsport City,Black/Hispanic/Native American,76.7,51.8,67.8,52.4,41.6,64.5,67.1,35.1,57.4,64.5
822,Kingsport City,Economically Disadvantaged,78.9,56.2,71.9,61.3,45.4,71.8,64,34.8,56.8,66.1
822,Kingsport City,English Language Learners,NA,NA,NA,NA,4.5,NA,NA,NA,30.4,50
822,Kingsport City,Students with Disabilities,72.8,66.7,54.7,60.7,21.5,50.6,39.5,11.3,33.9,40.3
830,Sumner County,Black/Hispanic/Native American,55.7,40.8,45.9,40.5,42.7,58.6,51.7,32.9,52.5,55
830,Sumner County,Economically Disadvantaged,58.4,45.3,54.2,36.4,44.7,62.9,55.3,34.3,55.3,58.8
830,Sumner County,English Language Learners,16.1,18.2,4.8,30,8.8,0,NA,NA,27.7,26.8
830,Sumner County,Students with Disabilities,37.5,27.7,37.5,16.9,24,32.9,25.1,9.5,33.5,38.5
840,Tipton County,Black/Hispanic/Native American,76.7,76.3,50,30.8,31.6,57.3,56.2,26.2,48.4,47.4
840,Tipton County,Economically Disadvantaged,79.6,78,57.3,36.6,37.7,66.4,61.7,34.5,55,57.7
840,Tipton County,English Language Learners,NA,NA,NA,NA,27.3,NA,NA,NA,45.5,54.5
840,Tipton County,Students with Disabilities,51.5,NA,32,NA,16.6,25.8,26.8,1.6,26.5,30
850,Trousdale County,Black/Hispanic/Native American,58.8,70,31.3,64.3,46.7,47.4,50,53.3,66.3,77.2
850,Trousdale County,Economically Disadvantaged,73.1,66,51.9,64,52.2,64.9,66.7,47.1,68.6,77.6
850,Trousdale County,English Language Learners,NA,NA,NA,NA,NA,NA,NA,NA,NA,NA
850,Trousdale County,Students with Disabilities,40,NA,NA,NA,20,25,10,NA,38.6,50
860,Unicoi County,Black/Hispanic/Native American,53.1,22.2,56.3,23.8,23.6,83.3,50,16.7,39.3,55.7
860,Unicoi County,Economically Disadvantaged,39.6,22.8,60,39.8,34.9,68.1,58.2,32.6,40.7,63.2
860,Unicoi County,English Language Learners,NA,NA,NA,NA,0,NA,NA,NA,10.5,15.8
860,Unicoi County,Students with Disabilities,21.9,0,54.5,14.3,15.7,30,26.9,11.1,19.8,29.6
870,Union County,Black/Hispanic/Native American,NA,NA,NA,NA,32.1,70,NA,NA,23.4,35.8
870,Union County,Economically Disadvantaged,63.8,50.9,50,46.5,34.1,64.8,55.4,46.2,35.6,48
870,Union County,English Language Learners,NA,NA,NA,NA,NA,NA,NA,NA,NA,NA
870,Union County,Students with Disabilities,14.8,NA,24.1,NA,18.3,14.3,16.7,5.3,18.8,25
880,Van Buren County,Black/Hispanic/Native American,NA,NA,NA,NA,NA,NA,NA,NA,NA,NA
880,Van Buren County,Economically Disadvantaged,60,61.8,45.7,25.6,30.8,54.5,45.9,37.5,37.7,52.7
880,Van Buren County,English Language Learners,NA,NA,NA,NA,NA,NA,NA,NA,NA,NA
880,Van Buren County,Students with Disabilities,18.2,NA,8.3,NA,7.5,30,9.1,NA,11.3,26.4
890,Warren County,Black/Hispanic/Native American,NA,NA,42.3,26.3,32,57.3,45.1,10,41.2,52.2
890,Warren County,Economically Disadvantaged,NA,NA,45.3,22.7,37.6,65.2,48.9,15.6,43.6,58.5
890,Warren County,English Language Learners,NA,NA,20,NA,2.9,NA,NA,NA,17.1,20
890,Warren County,Students with Disabilities,NA,NA,20.2,6.7,16.3,25.3,17.8,0,18.6,30.3
900,Washington County,Black/Hispanic/Native American,67.6,53.1,66.7,55.3,45.5,64.1,60,41,55.8,61.4
900,Washington County,Economically Disadvantaged,51.6,38.7,57.3,42.3,42.8,63,56.6,41.6,51.7,62.7
900,Washington County,English Language Learners,NA,NA,NA,NA,NA,NA,NA,NA,NA,NA
900,Washington County,Students with Disabilities,29.9,11.5,29.4,17.6,20,21.8,21.2,9.2,25.4,32.3
901,Johnson City,Black/Hispanic/Native American,75.7,75.3,66.4,45.3,52.4,65.1,60.7,36.2,61,64.2
901,Johnson City,Economically Disadvantaged,74.4,78.2,67.2,50.4,51.7,70.2,67,39,60.8,64.8
901,Johnson City,English Language Learners,NA,NA,NA,NA,21,NA,NA,NA,46.8,35.1
901,Johnson City,Students with Disabilities,48.1,NA,37,NA,30.6,33.9,35.5,9.1,38.4,42.2
910,Wayne County,Black/Hispanic/Native American,NA,NA,NA,NA,37.9,NA,NA,NA,37.9,58.6
910,Wayne County,Economically Disadvantaged,66,47.8,64.9,26.1,29.3,70.9,64.8,35,34.4,53.4
910,Wayne County,English Language Learners,NA,NA,NA,NA,NA,NA,NA,NA,NA,NA
910,Wayne County,Students with Disabilities,68.4,NA,36.4,NA,10.9,29,36.4,10,12.2,32.5
920,Weakley County,Black/Hispanic/Native American,69.6,43.3,66.7,32.4,38.7,82.9,60.6,51.4,46.2,60.6
920,Weakley County,Economically Disadvantaged,73.8,50.4,76.7,40.5,46.3,75,64.2,51.8,50.5,68.4
920,Weakley County,English Language Learners,NA,NA,NA,NA,NA,NA,NA,NA,NA,NA
920,Weakley County,Students with Disabilities,34.9,8.3,41.7,5.3,17.2,37,23.8,12.8,21.3,36.1
930,White County,Black/Hispanic/Native American,58.3,62.5,82.4,5.9,37.4,72.7,75,35.7,50.5,53.5
930,White County,Economically Disadvantaged,73.9,50.3,77.9,13.2,40.1,70.9,62.7,42.6,51.5,61.4
930,White County,English Language Learners,NA,NA,NA,NA,NA,NA,NA,NA,NA,NA
930,White County,Students with Disabilities,31.4,14.3,45.5,4.5,16.5,19.4,22.2,10,25.3,31.5
940,Williamson County,Black/Hispanic/Native American,77.3,72.3,77.3,62.6,66.4,82.1,72.6,50.2,65.5,81.2
940,Williamson County,Economically Disadvantaged,73.9,63.8,72.9,59.4,58.5,77.3,68.4,42.4,59.7,75.2
940,Williamson County,English Language Learners,43.2,80,41.9,NA,18.6,NA,23.1,NA,48.8,49.4
940,Williamson County,Students with Disabilities,58.7,52,61.6,46.8,40.8,57.9,49.8,31.4,43.6,62.4
941,Franklin Special School District,Black/Hispanic/Native American,100,NA,NA,NA,49.4,NA,NA,NA,57,69
941,Franklin Special School District,Economically Disadvantaged,100,NA,NA,NA,48.4,NA,NA,NA,56.5,69.3
941,Franklin Special School District,English Language Learners,NA,NA,NA,NA,10.6,NA,NA,NA,41.5,45.7
941,Franklin Special School District,Students with Disabilities,NA,NA,NA,NA,27.5,NA,NA,NA,36.9,46.3
950,Wilson County,Black/Hispanic/Native American,56.1,42,58.8,31.8,47.4,66,63.9,28.8,52.4,70.5
950,Wilson County,Economically Disadvantaged,55,43.2,58.6,26.5,42.5,62.9,58.8,29.1,51.5,70.2
950,Wilson County,English Language Learners,36.7,NA,27.8,NA,10.1,NA,NA,NA,41.5,40.4
950,Wilson County,Students with Disabilities,37.1,19.7,30.2,16.7,24.6,28.3,35.5,10,32.7,52.9
951,Lebanon Special School District,Black/Hispanic/Native American,100,NA,NA,NA,30.9,NA,NA,NA,37.1,54.8
951,Lebanon Special School District,Economically Disadvantaged,100,NA,NA,NA,37,NA,NA,NA,43,61.8
951,Lebanon Special School District,English Language Learners,NA,NA,NA,NA,7.2,NA,NA,NA,25.6,33.6
951,Lebanon Special School District,Students with Disabilities,NA,NA,NA,NA,18.7,NA,NA,NA,24.5,37.1
960,West Tenn School for Deaf,Black/Hispanic/Native American,NA,NA,NA,NA,0,NA,NA,NA,0,0
960,West Tenn School for Deaf,Economically Disadvantaged,NA,NA,NA,NA,0,NA,NA,NA,0,0
960,West Tenn School for Deaf,English Language Learners,NA,NA,NA,NA,NA,NA,NA,NA,NA,NA
960,West Tenn School for Deaf,Students with Disabilities,NA,NA,NA,NA,0,NA,NA,NA,0,0
961,Alvin C. York Institute,Black/Hispanic/Native American,NA,NA,NA,NA,NA,NA,NA,NA,NA,NA
961,Alvin C. York Institute,Economically Disadvantaged,74.5,64.6,65.5,18,NA,68.6,59.8,44,NA,NA
961,Alvin C. York Institute,English Language Learners,NA,NA,NA,NA,NA,NA,NA,NA,NA,NA
961,Alvin C. York Institute,Students with Disabilities,83.3,18.2,20,0,NA,41.7,16.7,8.3,NA,NA
963,Tenn School for Blind,Black/Hispanic/Native American,NA,NA,NA,NA,6.7,NA,NA,NA,0,6.7
963,Tenn School for Blind,Economically Disadvantaged,23.1,NA,20,NA,6.7,NA,NA,NA,0,10
963,Tenn School for Blind,English Language Learners,NA,NA,NA,NA,NA,NA,NA,NA,NA,NA
963,Tenn School for Blind,Students with Disabilities,23.1,NA,25,NA,6.7,NA,NA,20,0,10
964,Tenn School for Deaf,Black/Hispanic/Native American,NA,NA,NA,NA,0,NA,NA,NA,0,0
964,Tenn School for Deaf,Economically Disadvantaged,NA,0,9.1,NA,4.5,0,6.7,NA,3,7.5
964,Tenn School for Deaf,English Language Learners,NA,NA,NA,NA,NA,NA,NA,NA,NA,NA
964,Tenn School for Deaf,Students with Disabilities,NA,0,12.5,NA,4.5,0,6.7,0,3,7.5
970,Department of Children's Services,Black/Hispanic/Native American,0,0,3.6,0,NA,9.5,12.1,0,NA,NA
970,Department of Children's Services,Economically Disadvantaged,0,2,4.3,3.7,NA,7.8,12.2,2.4,NA,NA
970,Department of Children's Services,English Language Learners,NA,NA,NA,NA,NA,NA,NA,NA,NA,NA
970,Department of Children's Services,Students with Disabilities,0,NA,0,NA,NA,6.7,5.3,NA,NA,NA
985,Achievement School District,Black/Hispanic/Native American,33.7,20.4,20.3,4.5,13.7,37.8,33.4,8.2,22.7,25.4
985,Achievement School District,Economically Disadvantaged,33.8,18.9,18.8,3.8,13.7,37.1,31.8,8.6,23.2,25.5
985,Achievement School District,English Language Learners,30,NA,40,NA,8.7,NA,NA,NA,17.8,22.3
985,Achievement School District,Students with Disabilities,16.5,0,15.8,0,8.6,5.1,14,0,10.1,12.7
